Prediction,Target,Residual,Difference%
21639.56036992669,27999.999999999953,6360.439630073262,22.715855821690262
12318.901339519538,10900.000000000002,-1418.9013395195361,13.017443481830604
22182.319535658793,18499.999999999985,-3682.3195356588076,19.90442992248006
27412.378026487706,27800.000000000007,387.62197351230134,1.3943236457277024
36397.70049988496,57000.000000000044,20602.299500115085,36.14438508792117
27411.1169425924,26899.999999999985,-511.1169425924163,1.9000629836149314
3997.531940112918,5299.999999999996,1302.4680598870782,24.57486905447319
10186.514457752322,10699.99999999999,513.4855422476685,4.798930301380083
42100.69500890207,10599.999999999993,-31500.695008902076,297.17636800851034
51746.92883074119,71499.99999999996,19753.071169258765,27.62667296399829
14675.526222242066,15300.000000000031,624.4737777579649,4.0815279592023765
9664.92121412206,8000.0,-1664.9212141220596,20.811515176525745
6372.281942786141,2999.9999999999977,-3372.2819427861436,112.40939809287154
12220.201094429223,8500.000000000005,-3720.201094429218,43.76707169916724
8665.00235429215,8800.000000000024,134.99764570787374,1.5340641557712884
29754.15329757265,75500.00000000004,45745.84670242739,60.590525433678636
13204.648593328026,17999.000000000022,4794.351406671996,26.636765412922887
11995.696762695756,10699.99999999999,-1295.6967626957648,12.109315539212766
11002.31375569036,12299.999999999989,1297.6862443096288,10.550294669183984
33040.47449388122,27500.000000000022,-5540.4744938812,20.1471799777498
25263.307294359172,22000.0,-3263.3072943591724,14.833214974359873
12727.095409892678,17000.00000000001,4272.904590107333,25.134732882984295
2519.3016804313306,1399.9999999999998,-1119.3016804313309,79.95012003080936
4240.729232845381,4800.000000000001,559.2707671546195,11.651474315721238
22469.779132210046,17900.00000000004,-4569.779132210006,25.529492358715057
15518.516520686631,26799.99999999998,11281.48347931335,42.095087609378204
12542.957316403892,12500.0,-42.95731640389204,0.34365853123113627
11187.045651488846,9999.000000000002,-1188.0456514888447,11.88164467935638
15871.760904989109,16499.999999999985,628.2390950108766,3.8075096667325883
11085.620626132086,8999.0,-2086.620626132086,23.187249984799266
6103.504333311785,6499.999999999995,396.4956666882108,6.099933333664786
24159.109927763435,42499.99999999999,18340.890072236558,43.155035464086026
15234.41633802347,23500.00000000001,8265.583661976541,35.17269643394271
9307.973721108105,13499.999999999996,4192.026278891892,31.052046510310316
14624.81638354224,12900.000000000015,-1724.8163835422256,13.370669639862198
33583.15063687636,34999.99999999997,1416.8493631236124,4.048141037496039
16237.292282596822,18000.000000000007,1762.7077174031856,9.792820652239916
4767.524788331414,4500.000000000001,-267.5247883314132,5.944995296253626
4858.129680622516,8199.999999999998,3341.870319377482,40.7545160899693
13719.514390183584,9600.000000000004,-4119.51439018358,42.911608231078944
24784.212900377395,20100.000000000007,-4684.212900377388,23.304541792922322
19332.330152356277,20500.000000000015,1167.6698476437377,5.6959504763109114
9066.209339540652,9000.000000000004,-66.20933954064822,0.7356593282294244
3343.179720945444,2599.9999999999977,-743.1797209454462,28.583835420978726
22773.889240669483,26000.00000000003,3226.110759330546,12.40811830511747
12668.647693778556,10400.000000000002,-2268.6476937785537,21.81392013248609
13969.287146942566,9200.000000000005,-4769.287146942561,51.84007768415824
26208.96354657811,37989.999999999985,11781.036453421875,31.010888269075753
4875.568742102761,8099.999999999999,3224.4312578972385,39.807793307373316
15034.277087479353,17394.09000000002,2359.812912520665,13.566751192621531
19977.414510883238,18499.999999999985,-1477.4145108832527,7.986024383152723
13657.18022000452,12900.000000000015,-757.1802200045058,5.869614108562054
10709.412085822089,14500.000000000004,3790.587914177915,26.141985615020097
9861.044701909876,8700.000000000004,-1161.044701909872,13.345341401262889
6113.526166701405,8500.000000000005,2386.4738332986008,28.076162744689405
12755.443195753287,7199.999999999996,-5555.443195753291,77.1589332743513
15474.709339020805,8300.000000000007,-7174.709339020797,86.44228119302157
11001.964031663738,7700.0000000000055,-3301.9640316637324,42.882649761866624
15869.009532304202,9600.000000000004,-6269.009532304199,65.30218262816871
58803.089193516105,85999.99999999994,27196.910806483836,31.624314891260298
10916.285255728944,7899.999999999996,-3016.285255728948,38.18082602188543
2117.7666075120183,1998.9999999999993,-118.76660751201894,5.941301026114005
7820.339609046577,7799.999999999996,-20.339609046580335,0.26076421854590187
17544.843903097164,34900.00000000007,17355.15609690291,49.72824096533775
9295.983666837881,7300.000000000002,-1995.9836668378794,27.34224201147779
6974.612325511889,3899.9999999999977,-3074.6123255118914,78.83621347466394
14845.976291349425,29000.00000000001,14154.023708650586,48.80697830569166
2434.413749958228,2149.9999999999995,-284.41374995822844,13.228546509685046
37457.34265437142,37499.99999999998,42.65734562855505,0.11375292167614685
16556.051309126375,28500.00000000007,11943.948690873694,41.90859189780233
8406.063523014262,9000.000000000004,593.936476985742,6.599294188730465
9396.107799267122,11899.999999999998,2503.8922007328765,21.04111093052838
14636.039861257177,24500.0,9863.960138742823,40.26106179078703
28952.03546855428,31000.000000000022,2047.9645314457412,6.606337198212063
1738.24624849352,4099.999999999999,2361.753751506479,57.603750036743406
26257.698579036416,30000.000000000007,3742.301420963591,12.474338069878636
9119.937497703659,15799.999999999995,6680.062502296336,42.27887659681227
5092.865153282306,2199.9999999999995,-2892.8651532823064,131.49387060374121
11519.090617543014,17000.00000000001,5480.909382456997,32.24064342621761
6514.977979938766,7300.000000000002,785.0220200612357,10.753726302208706
7745.786463299167,7300.000000000002,-445.786463299165,6.106663880810478
3142.0612938906743,2499.9999999999995,-642.0612938906747,25.682451755626996
13448.263008263064,8700.000000000004,-4748.26300826306,54.57773572716159
23510.213203611544,39000.00000000002,15489.786796388478,39.71740204202172
15175.146538093659,12999.999999999967,-2175.1465380936916,16.731896446874593
20064.22009548037,32000.000000000007,11935.779904519637,37.299312201623856
13050.315701382937,12500.0,-550.3157013829368,4.402525611063495
16352.789664132706,14300.000000000027,-2052.789664132679,14.355172476452271
21393.8972600569,26250.000000000004,4856.102739943104,18.49943900930706
5130.453097497205,5000.000000000004,-130.45309749720127,2.6090619499440235
13754.990943071634,8700.000000000004,-5054.990943071631,58.10334417323711
5605.1922570546485,5899.999999999999,294.8077429453506,4.996741405853401
6386.010442744229,8300.000000000007,1913.989557255778,23.060115147659953
20045.56380457888,29999.000000000025,9953.436195421145,33.17922662562464
9839.669377863256,4900.000000000004,-4939.6693778632525,100.80957914006629
15025.579684590408,18699.999999999996,3674.4203154095885,19.64930649951652
10900.83003770699,15200.000000000007,4299.169962293017,28.28401290982247
4890.377312286916,6950.000000000001,2059.622687713085,29.6348588160156
2696.709018182515,1800.0000000000005,-896.7090181825147,49.817167676806356
18321.08332542464,14500.000000000004,-3821.0833254246354,26.352298796031963
14522.942410321857,11999.999999999993,-2522.9424103218644,21.02452008601555
6756.698582875262,8199.999999999998,1443.301417124736,17.6012367942041
7767.847277745522,5999.999999999995,-1767.8472777455263,29.464121295758794
7816.654537802464,11300.000000000007,3483.3454621975434,30.826066037146383
9956.977014166148,8700.000000000004,-1256.9770141661447,14.448011657082116
14231.848475951829,18200.000000000036,3968.1515240482076,21.803030351913186
7593.62746315261,8600.0,1006.3725368473897,11.702006242411509
48118.3157341995,48900.00000000004,781.6842658005335,1.5985363308804352
9598.677880678059,12500.0,2901.3221193219415,23.210576954575533
9164.880420253527,6199.999999999998,-2964.8804202535284,47.820651939573054
11000.564369258793,11499.999999999976,499.43563074118356,4.342918528184214
22481.91976184062,34500.00000000003,12018.080238159408,34.835015183070716
5881.887491249918,7799.999999999996,1918.1125087500786,24.591186009616404
9192.551463347625,3799.000000000001,-5393.551463347624,141.97292612128516
14823.802672210719,17900.00000000004,3076.197327789321,17.18545993178388
18160.93396668806,16998.999999999996,-1161.9339666880624,6.835307763327622
2514.308239504144,2999.9999999999977,485.69176049585394,16.18972534986181
44890.12080034614,55000.00000000005,10109.879199653908,18.38159854482527
3765.4069833868175,2990.000000000002,-775.4069833868157,25.93334392598044
13587.621606043707,13900.000000000002,312.37839395629453,2.24732657522514
7222.05379057236,8000.0,777.9462094276396,9.724327617845494
14882.39494396946,13699.0,-1183.3949439694607,8.63854985013111
15977.302882466976,13200.000000000002,-2777.3028824669746,21.04017335202253
9535.86067031778,7400.0,-2135.8606703177793,28.862982031321344
21654.351815431466,32999.99999999998,11345.648184568512,34.38075207445006
44552.39195181788,39900.000000000065,-4652.391951817815,11.660130205057161
7469.284501127549,6999.999999999999,-469.28450112755036,6.704064301822149
8392.467039142637,8349.999999999984,-42.46703914265345,0.5085872951215992
3026.4393218354567,3300.0,273.56067816454333,8.289717520137676
4643.108219355921,6999.999999999999,2356.8917806440777,33.66988258062968
9504.425292472575,3999.9999999999995,-5504.425292472575,137.61063231181438
12834.272894656331,11949.999999999987,-884.2728946563439,7.399773177040542
4208.200706669445,1200.0,-3008.200706669445,250.68339222245376
21735.317623652274,44999.999999999985,23264.68237634771,51.699294169661606
20286.227506031228,41500.0,21213.772493968772,51.11752408185246
32936.31477948611,18699.999999999996,-14236.31477948611,76.13002555874927
72362.5970350011,100000.00000000001,27637.40296499891,27.63740296499891
6975.549734799326,10499.999999999993,3524.4502652006668,33.56619300191114
10717.263558764504,9000.000000000004,-1717.2635587645,19.080706208494437
33026.208826785514,38233.0,5206.791173214486,13.61857864466426
5131.898550553631,5400.000000000003,268.1014494463716,4.964841656414286
11723.13074477681,9658.940000000004,-2064.1907447768062,21.37077924468736
10218.059032444688,2999.9999999999977,-7218.059032444689,240.60196774815648
17801.829916986608,25500.000000000004,7698.170083013396,30.18890228632704
13741.582728650083,14300.000000000027,558.4172713499447,3.9050158835660396
5621.238933933237,6999.999999999999,1378.7610660667624,19.696586658096606
24906.22176187663,18456.159999999985,-6450.061761876645,34.94801606551227
30117.32634335065,25500.000000000004,-4617.326343350647,18.10716213078685
14231.538007548204,15000.000000000004,768.4619924517992,5.123079949678661
26661.284796195454,30800.000000000084,4138.71520380463,13.43738702533967
3360.034119776604,1699.9999999999993,-1660.0341197766045,97.64906586921207
12355.253455471424,7300.000000000002,-5055.253455471422,69.25004733522493
21555.96596788673,25500.000000000004,3944.0340321132753,15.46680012593441
13412.635986869609,12299.999999999989,-1112.63598686962,9.045821031460333
10431.963212743722,7600.000000000003,-2831.963212743719,37.26267385189102
8072.359280181983,17776.999999999967,9704.640719817984,54.59099240489398
16767.485579181408,16899.999999999993,132.51442081858477,0.7841089989265373
15136.886439826416,14100.00000000001,-1036.8864398264068,7.353804537775929
2804.6798757640086,2899.9999999999977,95.32012423598917,3.286900835723767
4970.890178160684,8000.0,3029.1098218393163,37.86387277299145
15181.483128594735,12950.0,-2231.483128594735,17.231529950538494
21841.016960242414,19199.999999999975,-2641.0169602424394,13.75529666792939
3521.828926382033,3300.0,-221.82892638203293,6.722088678243423
2807.0464380298054,2599.9999999999977,-207.04643802980763,7.963324539607992
18717.972953368047,22500.00000000003,3782.0270466319816,16.80900909614212
8437.772781666214,8900.000000000002,462.2272183337882,5.193564250941439
1896.8828373670162,999.0000000000003,-897.8828373670159,89.87816189860015
12220.201094429223,10400.000000000002,-1820.2010944292215,17.50193360028097
11136.83112448688,15300.000000000031,4163.168875513151,27.21025408832119
8958.56206942752,8300.000000000007,-658.562069427513,7.934482764186897
21337.978775678162,21800.000000000007,462.0212243218448,2.119363414320388
25406.576750431475,26799.99999999998,1393.4232495685064,5.19934048346458
3977.3510127730106,2449.9999999999995,-1527.351012773011,62.34085766420454
16728.626072179082,23999.999999999985,7271.373927820903,30.29739136592045
48250.17801523736,41899.99999999997,-6350.17801523739,15.155556122284953
3857.9004768733103,6199.999999999998,2342.099523126688,37.77579876010788
19089.29542215931,13699.999999999996,-5389.295422159314,39.337922789484054
7167.80642003191,3800.0000000000014,-3367.806420031909,88.62648473768179
9281.519981227213,3599.999999999998,-5681.519981227215,157.81999947853382
6515.504170297644,4999.000000000002,-1516.5041702976423,30.33615063608005
5250.330114343746,2699.999999999999,-2550.3301143437466,94.45667090162027
21193.089206341574,24799.999999999953,3606.9107936583787,14.543995135719296
17696.531355320112,18200.000000000036,503.4686446799242,2.766311234505072
12591.020758576413,15500.000000000036,2908.9792414236235,18.767608009184624
7038.4247412372715,7799.999999999996,761.5752587627248,9.763785368752888
9342.223682737886,8949.999999999987,-392.22368273789834,4.3823875166245685
24606.6072236759,2899.9999999999977,-21706.607223675903,748.5036973681351
17469.949557868684,34000.00000000003,16530.050442131345,48.617795418033324
12557.590757707892,12999.999999999967,442.40924229207485,3.4031480176313536
24575.13036814963,19500.000000000044,-5075.130368149585,26.02630958025422
10512.866628820968,12299.999999999989,1787.1333711790212,14.529539603081487
2507.211094987044,2599.9999999999977,92.78890501295382,3.5688040389597657
7579.591276912294,9899.999999999995,2320.4087230877003,23.438471950380823
33809.37332233004,39500.00000000002,5690.626677669985,14.40664981688603
8454.403225776836,3349.9999999999973,-5104.403225776839,152.37024554557738
5062.017038272575,3300.0,-1762.0170382725746,53.39445570522954
11771.4594044633,13899.000000000035,2127.540595536735,15.307148683622776
10371.533179534268,9300.000000000007,-1071.5331795342609,11.521862145529678
48030.95489100463,59899.99999999996,11869.045108995335,19.81476645909072
8482.149391106836,7799.999999999996,-682.1493911068392,8.74550501419025
7820.339609046577,10999.999999999998,3179.6603909534215,28.906003554122016
13413.488706548462,13200.000000000002,-213.48870654845996,1.617338685973181
30412.973019754994,29799.99999999999,-612.9730197550052,2.0569564421308906
6745.206213753103,8199.999999999998,1454.7937862468953,17.741387637157263
7610.711337101452,3398.9999999999986,-4211.711337101453,123.9103070638851
8108.03736657007,10499.999999999993,2391.962633429923,22.780596508856423
12157.422753256184,18999.999999999956,6842.577246743773,36.013564456546256
11213.029036730994,11999.999999999993,786.9709632689992,6.558091360574997
9557.357198590473,12500.0,2942.6428014095272,23.541142411276216
13765.38429255231,14800.000000000027,1034.6157074477178,6.990646671944026
10278.406384923754,7300.000000000002,-2978.406384923752,40.800087464708916
9491.974130147662,8900.000000000002,-591.9741301476606,6.65139472076023
31943.478548513758,40799.99999999997,8856.521451486213,21.70716042030936
12383.264368379849,10800.000000000007,-1583.2643683798415,14.6598552627763
11236.943403286712,16000.000000000002,4763.05659671329,29.769103729458056
28083.77818428013,24900.000000000004,-3183.778184280127,12.786257768193279
32067.596548078327,19900.000000000007,-12167.59654807832,61.1437012466247
22552.03695908949,20999.999999999985,-1552.0369590895061,7.39065218614051
13866.584846842356,16800.000000000004,2933.415153157648,17.460804483081237
21355.880750778106,35500.00000000002,14144.119249221916,39.84258943442791
23160.709729169033,23999.999999999985,839.2902708309521,3.4970427951289693
12088.58152020112,12999.999999999967,911.4184797988473,7.010911383068075
3266.8009091898025,5400.000000000003,2133.1990908102002,39.50368686685554
6427.769663912549,7500.000000000001,1072.230336087452,14.296404481166025
20209.408704752197,14800.000000000027,-5409.40870475217,36.550058815892974
6576.430215726346,12900.000000000015,6323.569784273668,49.01992080832295
27468.554137656392,47776.99999999993,20308.445862343535,42.506741449533386
10208.09052938082,4999.000000000002,-5209.090529380817,104.20265111783988
7557.128103494269,13499.999999999996,5942.871896505727,44.021273307449846
3580.092399127346,2899.9999999999977,-680.0923991273485,23.451462038874105
56167.25045161531,67500.00000000004,11332.74954838473,16.78925859019959
5838.947714032031,8300.000000000007,2461.052285967976,29.651232361059925
2383.3918204652746,1198.9999999999998,-1184.3918204652748,98.78163640244162
7922.102000065777,7998.999999999996,76.89799993421911,0.9613451673236548
24169.100432770367,11199.99999999997,-12969.100432770396,115.79553957830741
11726.591965987864,14500.000000000004,2773.40803401214,19.126951958704407
9012.367819794477,9499.999999999995,487.6321802055172,5.132970317952816
6058.342084659672,8000.0,1941.6579153403281,24.270723941754103
45976.23732639624,66900.0,20923.762673603756,31.276177389542237
7781.161270640706,4900.000000000004,-2881.1612706407022,58.79920960491225
26794.04217646708,29000.00000000001,2205.957823532932,7.606751115630797
31727.607747075417,4949.999999999996,-26777.60774707542,540.9617726681907
6805.837968611529,7650.000000000001,844.1620313884723,11.03479779592774
7204.884588932592,8399.999999999987,1195.1154110673951,14.22756441746901
11302.154989526958,9498.999999999995,-1803.1549895269636,18.982577003126273
7321.034853746549,6499.999999999995,-821.0348537465534,12.631305442254675
7969.6826987642635,10999.999999999998,3030.3173012357347,27.54833910214305
5627.540443073054,6699.9999999999945,1072.4595569269404,16.006859058611063
5761.228161982884,6650.000000000002,888.7718380171182,13.364990045370195
11942.152437382849,14498.999999999965,2556.8475626171166,17.63464764892146
14458.662255589277,16000.000000000002,1541.3377444107246,9.633360902567027
3760.8853341937015,1950.0000000000005,-1810.885334193701,92.86591457403594
2858.7930395597914,3099.9999999999986,241.20696044020724,7.780869691619592
22900.15228642352,8349.999999999984,-14550.152286423536,174.2533207954918
26690.74176085048,21899.999999999993,-4790.7417608504875,21.875533154568444
13848.456917173215,22000.0,8151.543082826785,37.052468558303566
2838.3184851399224,3499.9999999999995,661.6815148600772,18.90518613885935
16245.100816282908,17200.000000000004,954.8991837170961,5.551739440215673
11810.23325421808,10199.99999999999,-1610.2332542180884,15.7866005315499
4758.647392288005,2799.9999999999995,-1958.6473922880054,69.95169258171448
11393.3156599765,6799.999999999999,-4593.315659976502,67.5487597055368
13366.955832513828,11899.999999999998,-1466.9558325138296,12.327359937091007
2891.7116152456983,3149.9999999999977,258.2883847542994,8.199631262041256
14453.490620278937,9800.000000000007,-4653.49062027893,47.48459816611149
35543.36050622164,19999.99999999998,-15543.360506221656,77.71680253110836
1843.9737899663453,1998.9999999999993,155.02621003365402,7.75518809573057
16405.010080502467,15200.000000000007,-1205.0100805024595,7.927697898042492
9598.913440181837,12999.000000000007,3400.08655981817,26.156524038911975
7995.853944642461,12398.999999999996,4403.146055357535,35.51210626145283
5322.4571175239935,6998.999999999996,1676.542882476003,23.954034611744586
16709.12321171299,18499.999999999985,1790.8767882869943,9.680415071821598
10516.458201109534,12999.999999999967,2483.5417988904337,19.104167683772616
14358.720146238067,11400.000000000018,-2958.720146238049,25.953685493316176
26864.503797091234,22699.999999999996,-4164.503797091238,18.345831705247747
7133.212903704945,11700.000000000007,4566.787096295062,39.032368344402215
2235.0220405505365,2350.0000000000005,114.97795944946392,4.892679125509102
17388.152919174485,16000.000000000002,-1388.152919174483,8.675955744840518
15603.621412869565,16399.999999999996,796.3785871304317,4.855966994697755
16053.532627507748,17900.00000000004,1846.4673724922923,10.315460181521164
13128.183261366636,6998.999999999996,-6129.183261366639,87.57227120112361
9599.758271749559,8949.999999999987,-649.7582717495716,7.259868958095781
4636.962210454369,1200.0,-3436.9622104543687,286.41351753786404
14722.708474442623,18900.00000000001,4177.291525557388,22.102071563795693
4746.468029688195,9700.000000000022,4953.531970311827,51.06733990012181
11169.443464914788,6749.999999999997,-4419.443464914791,65.47323651725618
9063.565797115563,6799.999999999999,-2263.5657971155642,33.28773231052301
3545.7184506379435,2699.999999999999,-845.7184506379444,31.322905579183136
7981.66541055098,6999.999999999999,-981.6654105509806,14.023791579299724
28455.47346952921,36999.99999999997,8544.526530470761,23.09331494721829
9952.04207774226,9400.000000000011,-552.0420777422496,5.872788061087754
24802.960656084164,39900.000000000065,15097.039343915902,37.83719133813503
30237.482232635793,32999.99999999998,2762.5177673641847,8.371265961709657
10041.402416229537,7899.999999999996,-2141.402416229541,27.106359699108122
17354.812091763346,13900.000000000002,-3454.812091763344,24.854763250096
14940.774814913215,8999.0,-5941.774814913215,66.02705650531408
8482.374892028804,15880.000000000025,7397.625107971222,46.58454098218646
7476.747080841898,7199.999999999996,-276.74708084190206,3.8437094561375305
53092.185397044035,61989.99999999988,8897.814602955848,14.3536289771832
19791.978308140413,22799.999999999996,3008.0216918595834,13.19307759587537
17016.39417465956,22500.00000000003,5483.60582534047,24.371581445957613
6794.435774702957,6249.999999999999,-544.435774702958,8.71097239524733
50344.1902880055,48535.49999999992,-1808.6902880055786,3.7265306590136738
8329.04331322207,5799.999999999996,-2529.0433132220733,43.604195055553014
2389.846513771771,799.9999999999999,-1589.8465137717708,198.73081422147138
64426.51759427173,53500.00000000001,-10926.517594271725,20.42339737247051
6962.557768644397,10250.000000000025,3287.442231355629,32.07260713517678
9318.26998979784,8700.000000000004,-618.2699897978364,7.106551606871679
4820.247261134094,5000.000000000004,179.75273886591003,3.5950547773181984
24474.584917773675,20999.999999999985,-3474.584917773689,16.545642465589008
25314.957428036425,19500.000000000044,-5814.957428036381,29.820294502750606
3509.216199256311,3699.9999999999995,190.78380074368852,5.156318939018609
13971.709145303907,14199.999999999995,228.290854696088,1.6076820753245638
7092.246144198807,6998.999999999996,-93.24614419881073,1.3322780997115413
6514.977979938766,7700.0000000000055,1185.0220200612393,15.389896364431669
18874.950460235035,17800.000000000007,-1074.950460235028,6.039047529410267
2762.981568940081,3149.9999999999977,387.01843105991657,12.286299398727518
2923.400334109924,2199.9999999999995,-723.4003341099246,32.88183336863295
13746.825100521413,11998.99999999998,-1747.8251005214333,14.566423039598602
6742.915041947108,6899.999999999999,157.08495805289112,2.276593594969437
9885.935416045264,20500.000000000015,10614.06458395475,51.77592479977924
8001.010971055104,8700.000000000004,698.9890289448995,8.03435665453907
8523.092512229141,11300.000000000007,2776.9074877708663,24.57440254664482
14639.762210675957,14750.000000000036,110.23778932407913,0.7473748428751109
22492.34095812102,19998.999999999945,-2493.3409581210763,12.467328157013267
22549.243313590854,24799.999999999953,2250.7566864090986,9.075631800036705
12912.459694298328,9499.999999999995,-3412.4596942983335,35.920628361035114
5119.372868197536,6999.999999999999,1880.6271318024628,26.86610188289233
8443.611019514921,6899.999999999999,-1543.6110195149222,22.37117419586844
20912.28119983184,32000.000000000007,11087.718800168168,34.64912125052552
9910.334604996877,1800.0000000000005,-8110.334604996877,450.5741447220486
35793.27852998525,34600.0,-1193.2785299852476,3.44878187857008
4466.371176192664,4699.999999999997,233.628823807333,4.970826038453896
33738.71012577914,39999.99999999997,6261.2898742208345,15.653224685552097
26196.687234899226,18400.00000000001,-7796.687234899215,42.37330018966962
21203.281954465474,15000.000000000004,-6203.28195446547,41.35521302976979
5738.990583309875,10900.000000000002,5161.009416690127,47.34871024486355
2631.4523492356197,2899.9999999999977,268.547650764378,9.260263819461317
43251.05983980941,51899.99999999996,8648.940160190556,16.66462458610898
3626.8009320510573,2999.9999999999977,-626.8009320510596,20.893364401702
49132.892298689374,60999.999999999935,11867.10770131056,19.454274920181266
11965.925047458657,18099.999999999967,6134.07495254131,33.88991686486918
31435.455976851783,32400.000000000004,964.5440231482207,2.976987725766113
12813.661653302002,13599.999999999998,786.3383466979958,5.781899608073499
19332.330152356277,20500.000000000015,1167.6698476437377,5.6959504763109114
8632.682815239084,12799.99999999999,4167.3171847609065,32.55716550594461
13106.491688273501,13900.000000000002,793.5083117265003,5.708692890118707
25628.31523169071,60499.99999999999,34871.68476830928,57.63914837737072
12347.73101243736,12500.0,152.26898756264018,1.2181519005011214
14833.120682821278,18299.99999999998,3466.879317178704,18.944695722288017
11107.220622996902,13100.000000000024,1992.7793770031221,15.212056313000904
5509.570556381751,5999.999999999995,490.4294436182445,8.17382406030408
6076.535517470167,6199.999999999998,123.464482529831,1.9913626214488878
32927.9332420243,45554.99999999998,12627.066757975677,27.718289447866717
12328.961732679521,17000.00000000001,4671.0382673204895,27.476695690120508
2232.079183631861,3599.999999999998,1367.9208163681374,37.9978004546705
18218.184243434232,8700.000000000004,-9518.184243434229,109.404416591198
5549.9489812719185,6499.000000000004,949.0510187280852,14.603031523743418
5410.886696321397,5000.000000000004,-410.8866963213932,8.217733926427858
6024.036236902247,8700.000000000004,2675.963763097757,30.758204173537422
8808.100265645497,6899.999999999999,-1908.1002656454975,27.65362703834055
7842.155456457578,2898.999999999999,-4943.155456457579,170.51243382054435
9383.07378239843,11300.000000000007,1916.9262176015782,16.96394882833254
8057.7645899911795,6998.999999999996,-1058.7645899911831,15.127369481228515
38758.082894033396,37700.00000000009,-1058.0828940333085,2.806585925817788
39939.32529087458,27299.99999999999,-12639.325290874589,46.29789483836848
17582.603539522097,13621.429999999995,-3961.173539522102,29.080452929847333
18526.157734167977,24100.000000000047,5573.842265832071,23.127976206772033
11977.580508206876,10000.00000000001,-1977.5805082068673,19.775805082068654
18158.179834414117,18999.000000000004,840.8201655858866,4.425602218989876
6714.229633063198,6499.999999999995,-214.22963306320253,3.2958405086646567
6112.588555532792,6749.999999999997,637.411444467205,9.443132510625263
15792.154850630886,12900.000000000015,-2892.154850630872,22.419805043650143
8642.754272399161,8500.000000000005,-142.75427239915552,1.679462028225358
12714.461378340902,10699.99999999999,-2014.4613783409113,18.82674185365339
7960.984713538015,5400.000000000003,-2560.9847135380123,47.4256428432965
7089.837091919024,6499.999999999995,-589.8370919190284,9.074416798754289
18951.600866111272,14700.000000000002,-4251.60086611127,28.922454871505238
14625.16865356227,14899.999999999995,274.8313464377243,1.8445056807900966
5829.5971532189815,3999.9999999999995,-1829.597153218982,45.739928830474554
11568.757423946896,11998.99999999998,430.2425760530841,3.5856536049094494
10158.055824230985,10599.999999999993,441.9441757690074,4.16928467706611
7361.725542141615,7899.0000000000055,537.2744578583906,6.801803492320424
12000.879475688125,10999.999999999998,-1000.8794756881271,9.098904324437521
2047.584457715957,2100.0,52.41554228404311,2.4959782040020526
7641.9017024116,10099.999999999998,2458.098297588398,24.337606906815825
7435.421276103726,8450.000000000011,1014.5787238962848,12.006848803506314
16583.523169497847,12799.99999999999,-3783.5231694978556,29.55877476170202
26916.33567760771,26899.999999999985,-16.335677607723483,0.06072742605101669
11588.666153378239,13699.999999999996,2111.3338466217574,15.41119596074276
8804.640399356571,11499.999999999976,2695.3596006434054,23.43790957081227
7136.198721348186,11099.999999999993,3963.8012786518066,35.709921429295576
4569.935591642159,3650.0000000000005,-919.9355916421587,25.203714839511193
42085.31276837189,55500.00000000002,13414.68723162813,24.170607624555178
9405.917118598076,9899.999999999995,494.0828814019187,4.990736175776959
18078.42035022214,11818.95,-6259.470350222138,52.96130663233314
26399.719938166934,38364.99999999992,11965.280061832986,31.18801006603157
15272.36484724549,23500.00000000001,8227.635152754521,35.01121341597667
11827.09146970393,8249.999999999993,-3577.091469703937,43.35868448125988
18322.567539996355,11499.999999999976,-6822.567539996378,59.326674260838196
10275.541875185212,11499.999999999976,1224.4581248147642,10.647461954911016
14333.64193078389,13499.999999999996,-833.6419307838933,6.175125413214025
9705.850635534389,17999.000000000022,8293.149364465633,46.07561178101907
7874.788114554866,9899.999999999995,2025.2118854451282,20.456685711566962
32234.01467887763,36999.99999999997,4765.985321122342,12.88104140843877
4643.39566680187,4500.000000000001,-143.39566680186908,3.186570373374868
21106.945528254168,22399.99999999998,1293.0544717458142,5.772564606008103
11887.51578035706,9800.000000000007,-2087.515780357053,21.301181432214808
4223.344453083821,7750.000000000004,3526.655546916183,45.5052328634346
13376.572793402163,10099.999999999998,-3276.572793402165,32.441314786160056
50115.45308669573,67500.00000000004,17384.546913304315,25.754884316006375
6952.935357971431,9800.000000000007,2847.0646420285766,29.051680020699738
51052.910559811855,57000.000000000044,5947.089440188189,10.433490245944183
7138.201461433104,8900.000000000002,1761.798538566898,19.79548919738087
9149.489925086244,20400.000000000022,11250.510074913778,55.14955919075376
2982.6949312031984,1200.0,-1782.6949312031984,148.55791093359986
1304.924179030282,2899.9999999999977,1595.0758209697158,55.002614516197134
7948.637909668081,7300.000000000002,-648.6379096680794,8.885450817370948
8838.130891177023,10699.99999999999,1861.869108822968,17.40064587685018
18973.717739729964,31500.000000000015,12526.28226027005,39.765975429428714
13873.779707544476,12700.000000000027,-1173.7797075444487,9.242359901924772
9516.929835195657,9000.000000000004,-516.9298351956531,5.743664835507254
22187.15211098288,20900.000000000044,-1287.1521109828354,6.158622540587717
53492.58335976693,51499.999999999985,-1992.583359766948,3.869093902460094
5355.666455450394,8399.999999999987,3044.333544549593,36.242066006542835
60692.04244518975,89998.99999999977,29306.95755481002,32.56364799032222
50115.45308669573,65500.00000000007,15384.546913304344,23.48785788290737
4765.624549892469,1800.0000000000005,-2965.6245498924686,164.75691943847045
2651.3695855263454,3200.0000000000027,548.6304144736573,17.144700452301777
39748.25017881582,43900.00000000003,4151.74982118421,9.457288886524392
15759.171505272065,12249.999999999976,-3509.1715052720883,28.646298002221183
13988.934634034476,8600.0,-5388.934634034476,62.66203062830786
33280.3394653881,58499.99999999999,25219.660534611896,43.110530828396406
9852.50840740673,11799.999999999998,1947.4915925932673,16.504166038925998
13653.510674359635,10800.000000000007,-2853.510674359628,26.421395132959503
2639.8227107368098,3499.9999999999995,860.1772892631898,24.57649397894828
19419.755273033166,38888.00000000001,19468.24472696684,50.062345008657786
57732.23673101011,75000.00000000009,17267.763268989976,23.023684358653277
2869.9546335450345,2499.9999999999995,-369.954633545035,14.798185341801403
19457.788397923403,30000.000000000007,10542.211602076604,35.14070534025534
14926.38666900479,13300.000000000005,-1626.3866690047853,12.228471195524698
7530.822635011772,3800.0000000000014,-3730.8226350117707,98.17954302662551
15418.197886460133,14700.000000000002,-718.1978864601315,4.88569990789205
11721.49311317581,7300.000000000002,-4421.493113175808,60.568398810627485
9623.106566862858,7400.0,-2223.106566862858,30.041980633281867
13752.36782105866,10798.999999999995,-2953.367821058666,27.348530614489004
17177.961507859083,16499.999999999985,-677.9615078590978,4.108857623388475
10556.294632181009,8300.000000000007,-2256.2946321810014,27.184272676879512
20672.621737368536,34500.00000000003,13827.378262631493,40.079357282989804
13801.037340555118,13599.999999999998,-201.03734055511995,1.4782157393758821
4041.593934147379,2849.9999999999986,-1191.5939341473804,41.81031347885547
9010.375963293522,8199.999999999998,-810.3759632935235,9.882633698701508
8045.68187308307,6998.999999999996,-1046.6818730830737,14.954734577554998
23966.228789414872,25342.2,1375.9712105851286,5.429564957206274
1602.6253334167225,1699.9999999999993,97.37466658327685,5.72792156372217
10548.268865444932,8800.000000000024,-1748.2688654449084,19.866691652782997
39752.04929578676,46500.0,6747.950704213239,14.5117219445446
3726.4569662425697,5000.000000000004,1273.543033757434,25.47086067514866
16328.294955464222,16800.000000000004,471.7050445357818,2.8077681222367956
32971.705161574966,28500.00000000007,-4471.705161574897,15.690193549385564
4049.4000537448605,3499.9999999999995,-549.400053744861,15.697144392710316
7835.7711438389015,11499.999999999976,3664.228856161075,31.862859618792022
1898.062402987479,1900.0000000000005,1.9375970125215645,0.10197879013271388
17694.843881497924,13499.999999999996,-4194.843881497927,31.072917640725393
14086.147869002509,9499.999999999995,-4586.147869002514,48.27524072634228
4229.63604436396,3699.9999999999995,-529.6360443639601,14.314487685512436
48764.689824802044,51999.99999999997,3235.3101751979266,6.221750336919093
4637.357668911986,3399.999999999999,-1237.3576689119873,36.39287261505846
18228.48795755556,18299.99999999998,71.51204244442124,0.39077618822088145
11005.191695711985,18999.999999999956,7994.808304287972,42.077938443621
6424.898462740108,9300.000000000007,2875.1015372598995,30.915070293117175
7883.333190829743,7899.999999999996,16.666809170253146,0.21097226797788798
10322.598040537927,13300.000000000005,2977.4019594620786,22.386480898211108
31650.16605790271,23500.00000000001,-8150.1660579026975,34.681557693202954
10611.870955602031,13900.000000000002,3288.1290443979706,23.65560463595662
7118.15711371269,5000.000000000004,-2118.1571137126866,42.363142274253704
3872.6762777953886,3800.0000000000014,-72.67627779538725,1.9125336261944008
6867.836885064574,8399.999999999987,1532.1631149354134,18.240037082564474
7341.540967448523,12799.99999999999,5458.459032551468,42.644211191808374
9544.166233395243,10900.000000000002,1355.8337666047591,12.438841895456504
10341.637425319655,10000.00000000001,-341.63742531964635,3.41637425319646
12034.332239948364,13699.999999999996,1665.6677600516323,12.158158832493669
10420.76099097947,7199.000000000005,-3221.7609909794655,44.75289611028565
36076.88132470092,24990.0,-11086.881324700917,44.36527140736661
33524.55222583935,41999.99999999998,8475.447774160632,20.179637557525325
14196.004208202272,18499.999999999985,4303.9957917977135,23.264842117825495
6514.102464589004,8300.000000000007,1785.8975354110034,21.51683777603617
18916.04007146279,55555.00000000002,36638.95992853723,65.95078737924078
8970.45326984254,3099.9999999999986,-5870.453269842541,189.36946031750142
7821.02790255117,8900.000000000002,1078.9720974488318,12.123281993807097
53927.4824657955,55000.00000000005,1072.5175342045477,1.9500318803719032
22087.53518806412,17000.00000000001,-5087.53518806411,29.926677576847688
12277.122939077932,6899.999999999999,-5377.122939077933,77.92931795765121
4974.596449664412,3499.9999999999995,-1474.5964496644124,42.13132713326893
19821.459616584336,22799.999999999996,2978.5403834156605,13.063773611472197
13314.972763774798,10199.99999999999,-3114.9727637748074,30.538948664458925
2827.941672819338,6799.999999999999,3972.0583271806613,58.41262245853914
31083.493076451,24500.0,-6583.493076450999,26.871400312044898
2535.937029178008,7799.999999999996,5264.0629708219885,67.48798680541015
6638.775880125468,4500.000000000001,-2138.7758801254668,47.52835289167703
11519.23088596147,8999.0,-2520.2308859614695,28.005677141476493
6327.946543090245,6299.999999999996,-27.94654309024827,0.4435959220674331
8073.642359033822,15000.000000000004,6926.357640966182,46.175717606441204
21159.138748367404,22600.00000000002,1440.8612516326139,6.375492263861118
11179.326653236447,21499.999999999945,10320.673346763499,48.003131845411744
3343.514175246212,3699.9999999999995,356.4858247537877,9.634752020372641
2383.3918204652746,3499.9999999999995,1116.608179534725,31.90309084384929
18699.16794549632,16800.000000000004,-1899.167945496316,11.304571104144735
19758.936597206193,14999.00000000001,-4759.936597206184,31.735026316462307
30943.69493025656,34999.99999999997,4056.305069743412,11.589443056409758
6620.745201544786,8649.999999999998,2029.254798455212,23.459593045725
15751.212064783766,1550.0000000000007,-14201.212064783766,916.207229986049
2459.311227948532,2199.9999999999995,-259.31122794853263,11.786873997660576
16035.703066129043,21998.999999999956,5963.296933870914,27.107127296108573
28372.48109432281,41500.0,13127.518905677189,31.632575676330575
5909.468670392925,4800.000000000001,-1109.4686703929237,23.113930633185905
5120.678589728302,9999.000000000002,4878.3214102717,48.788092912008196
12550.385591628645,12498.999999999969,-51.385591628675684,0.41111762243920164
1813.9694852795615,2650.0,836.0305147204385,31.54832131020523
5232.734860374735,8199.999999999998,2967.265139625263,36.18616023933249
6961.862789659783,5650.000000000004,-1311.862789659779,23.218810436456252
50611.196200164915,70499.99999999999,19888.80379983507,28.211069219624218
12414.747587272432,11799.999999999998,-614.7475872724335,5.209725315868082
10373.105448905657,13300.000000000005,2926.8945510943486,22.0067259480778
10641.053890410516,9999.000000000002,-642.0538904105142,6.421181022207362
39247.322090027796,44799.99999999997,5552.677909972175,12.394370334759328
19344.71919301588,32299.99999999998,12955.280806984101,40.10922850459476
23014.85041796482,41999.99999999998,18985.14958203516,45.20273710008374
9109.16847034504,15300.000000000031,6190.831529654992,40.46295117421555
5948.694332387825,6499.999999999995,551.3056676121705,8.481625655571861
43538.35315719045,82554.99999999985,39016.6468428094,47.26139766556777
14696.237781400185,27899.999999999956,13203.762218599772,47.32531261146879
17407.16709743078,11400.000000000018,-6007.1670974307635,52.69444822307678
6823.199665460854,10300.000000000005,3476.8003345391517,33.755343053778155
11913.65666830247,14899.999999999995,2986.3433316975243,20.042572695956544
27972.393425614595,34900.00000000007,6927.606574385478,19.849875571305052
6528.760885626643,6899.000000000003,370.23911437335937,5.366562028893451
5631.006468584423,5400.000000000003,-231.00646858441996,4.277897566378145
9597.082895817994,12500.0,2902.9171041820064,23.223336833456052
10932.632494304687,7899.999999999996,-3032.632494304691,38.38775309246446
4011.1387969208454,3999.9999999999995,-11.138796920845834,0.2784699230211459
15525.124842493993,27999.999999999953,12474.87515750596,44.55312556252136
20899.638148439546,23900.000000000062,3000.361851560516,12.55381527849585
37114.36959391754,34900.00000000007,-2214.369593917465,6.344898549906763
6472.652225480514,4400.000000000004,-2072.6522254805104,47.10573239728429
16235.227880283503,19599.99999999998,3364.772119716479,17.16720469243103
17941.350273165383,16800.000000000004,-1141.350273165379,6.793751625984397
13985.75993629227,10699.99999999999,-3285.7599362922792,30.708036787778337
9599.59326132565,10999.999999999998,1400.4067386743482,12.730970351584986
8675.491926328701,15900.000000000007,7224.508073671306,45.43715769604593
9543.98777880308,8500.000000000005,-1043.9877788030753,12.282209162389114
13069.51357912719,14500.000000000004,1430.486420872814,9.865423592226302
10905.415411466192,11999.999999999993,1094.5845885338003,9.121538237781674
26814.697246463715,30000.000000000007,3185.3027535362926,10.617675845120973
1970.3760303125468,1699.9999999999993,-270.3760303125475,15.904472371326332
9981.556811023744,9700.000000000022,-281.5568110237218,2.9026475363270228
6638.353841164502,7799.999999999996,1161.6461588354941,14.892899472249931
7588.615658031535,4600.000000000003,-2988.615658031532,64.96990560938109
8215.864975939832,13699.999999999996,5484.135024060164,40.03018265737347
20107.19624719732,10499.999999999993,-9607.196247197327,91.49710711616508
17858.131282341757,13300.000000000005,-4558.131282341752,34.27166377700564
5726.471958845286,11300.000000000007,5573.528041154721,49.32325700136918
14789.905934003009,16899.999999999993,2110.0940659969838,12.48576370412417
9006.972751297952,14500.000000000004,5493.027248702052,37.882946542772764
10321.941814355547,9950.00000000002,-371.94181435552673,3.738108686990211
9576.520717559668,12999.999999999967,3423.4792824402994,26.3344560187716
29626.49918547342,41000.00000000003,11373.500814526607,27.740245889089266
25263.307294359172,15850.00000000003,-9413.307294359143,59.389951383969255
7510.286614543189,8300.000000000007,789.7133854568183,9.514619101889368
13947.224363591618,18299.99999999998,4352.775636408363,23.78565921534627
11207.135002556019,9400.000000000011,-1807.1350025560077,19.224840452723466
6750.192405826157,8399.999999999987,1649.8075941738307,19.640566597307537
23160.709729169033,22999.00000000006,-161.70972916897517,0.7031163492715977
31712.858109834324,47600.0,15887.141890165676,33.37634850875142
11725.10105216057,9600.000000000004,-2125.101052160566,22.13646929333922
10114.998317267393,15200.000000000007,5085.001682732614,33.45395843903034
10158.055824230985,10999.999999999998,841.9441757690129,7.654037961536482
15949.08345552808,27999.999999999953,12050.916544471873,43.03898765882819
10926.003100814945,10998.999999999985,72.99689918504009,0.6636685079101754
8900.119399655152,7650.000000000001,-1250.119399655151,16.341430060851643
54811.85452092029,88999.99999999996,34188.14547907966,38.413646605707505
13780.181953457191,16800.000000000004,3019.818046542812,17.975107419897686
2743.3313866990406,3249.9999999999973,506.6686133009566,15.589803486183293
30045.255359161412,99000.00000000004,68954.74464083863,69.65125721296829
18918.299226779694,17800.000000000007,-1118.2992267796872,6.282579925728577
17589.311578977096,22899.999999999996,5310.6884210229,23.19077913110437
4848.786184457054,3650.0000000000005,-1198.7861844570539,32.84345710841243
11018.262209652332,8300.000000000007,-2718.2622096523246,32.750147104244846
44924.29825837191,99999.0,55074.70174162809,55.07525249415303
8089.573725086019,14500.000000000004,6410.426274913984,44.20983637871712
8602.313888848117,9499.999999999995,897.6861111518774,9.449327485809242
42989.660222585924,42699.99999999999,-289.6602225859315,0.6783611770162331
16672.506575780346,20299.999999999985,3627.4934242196396,17.869425735072127
4848.786184457054,5699.999999999998,851.2138155429438,14.93357571127972
10901.177416477036,12700.000000000027,1798.8225835229914,14.163957350574705
4326.34879935782,1999.9999999999998,-2326.34879935782,116.317439967891
12474.093657489731,11400.000000000018,-1074.0936574897132,9.42187418850624
10167.347123514692,15399.999999999985,5232.652876485294,33.97826543172272
20045.64930803788,31700.000000000004,11654.350691962125,36.764513223855275
72033.8199143323,84999.99999999984,12966.18008566754,15.254329512550074
9910.696835930843,8949.999999999987,-960.6968359308557,10.73404285956265
21491.373325178865,18000.000000000007,-3491.373325178858,19.39651847321587
23004.673275877703,28793.03999999999,5788.3667241222865,20.103353880390152
1469.2608207277635,2599.9999999999977,1130.7391792722342,43.4899684335475
13145.195737141114,19199.999999999975,6054.804262858861,31.53543886905661
8509.07342671033,7400.0,-1109.0734267103308,14.987478739328793
8644.782747159165,6899.999999999999,-1744.7827471591654,25.286706480567616
6385.4649822112415,4300.0,-2085.4649822112415,48.49918563281957
2480.3929942408854,1649.9999999999998,-830.3929942408856,50.326848135811254
20908.18202810522,14000.0,-6908.1820281052205,49.34415734360872
32922.553407834224,52299.99999999999,19377.44659216577,37.0505670978313
8448.733187903843,12599.999999999995,4151.266812096152,32.94656200076312
27488.56018710112,29500.000000000025,2011.439812898905,6.818440043725096
11052.179250852918,9300.000000000007,-1752.1792508529106,18.84063710594526
5107.681336445639,6999.999999999999,1892.3186635543598,27.033123765062285
5803.026814222066,7449.999999999996,1646.9731857779307,22.1070226278917
15403.75687890858,19799.99999999999,4396.243121091409,22.203248086320258
14933.30184598621,12399.999999999996,-2533.301845986214,20.429853596663023
19500.15789897131,16399.999999999996,-3100.1578989713125,18.903401822995814
13795.993208175594,8099.999999999999,-5695.993208175595,70.32090380463698
3631.114446012498,3899.9999999999977,268.88555398749986,6.894501384294872
8451.637862174746,8900.000000000002,448.36213782525556,5.037776829497252
34358.297959331256,61500.00000000001,27141.70204066875,44.13284884661585
9132.089498265648,15000.000000000004,5867.910501734355,39.119403344895694
16270.418014810411,8500.000000000005,-7770.418014810406,91.4166825271812
8245.257655894029,7199.999999999996,-1045.2576558940327,14.517467442972684
5844.342615316071,7500.000000000001,1655.65738468393,22.075431795785732
11136.83112448688,8700.000000000004,-2436.8311244868764,28.009553155021553
9682.101513589332,11700.000000000007,2017.898486410675,17.24699561034764
11465.435736870972,8499.000000000018,-2966.4357368709534,34.9033502396864
20069.67382750336,55555.00000000002,35485.32617249666,63.87422585275249
10588.18024211222,30500.000000000022,19911.819757887803,65.28465494389438
19154.013120578817,7700.0000000000055,-11454.013120578811,148.75341715037408
4500.650277248173,4150.000000000003,-350.6502772481699,8.449404271040233
29324.95021020438,36499.99999999998,7175.0497897955975,19.65767065697425
4713.925623426539,7899.999999999996,3186.074376573458,40.33005539966404
35264.724229731146,28500.00000000007,-6764.724229731077,23.735874490284424
7928.607752235136,9999.000000000002,2070.3922477648657,20.70599307695635
35830.76217078619,36499.99999999998,669.2378292137873,1.8335282992158568
12825.327498169545,5799.999999999996,-7025.327498169549,121.12633617533713
11443.793919410818,13200.000000000002,1756.2060805891833,13.304591519615022
29612.500785567237,31500.000000000015,1887.499214432777,5.99206099819929
19705.82795864151,24842.029999999944,5136.202041358436,20.675452212876515
8099.032323677493,6899.999999999999,-1199.0323236774939,17.377280053297014
14251.426917333321,21699.999999999993,7448.573082666671,34.3252215791091
11254.269271273004,10777.000000000007,-477.2692712729968,4.428591178184991
5004.1263489853645,8000.0,2995.8736510146355,37.44842063768294
10631.32970029593,5850.000000000003,-4781.329700295927,81.73213162899017
17855.86080725951,15500.000000000036,-2355.8608072594725,15.19910198231914
8905.714281155448,8500.000000000005,-405.7142811554422,4.773109190064023
33077.178725743266,43499.999999999985,10422.82127425672,23.960508676452235
3781.430933172308,5000.000000000004,1218.5690668276957,24.371381336553895
21072.67161762143,29602.94999999998,8530.27838237855,28.815636219966446
7124.0608660289345,9800.000000000007,2675.939133971073,27.305501367051743
15378.505676770039,14990.000000000004,-388.5056767700353,2.591765688926185
10397.720001756588,13799.999999999998,3402.27999824341,24.654202885821814
7523.824719836385,6399.9999999999945,-1123.8247198363906,17.559761247443618
25618.95146918765,17900.00000000004,-7718.95146918761,43.12263390607593
35178.41907669121,19998.999999999945,-15179.419076691262,75.90089042797791
7038.4247412372715,2300.000000000001,-4738.424741237271,206.01846701031604
2840.5537932398215,1699.0000000000007,-1141.5537932398208,67.18974651205535
15169.841384025256,13499.999999999996,-1669.8413840252597,12.36919543722415
4538.74104198885,4800.000000000001,261.25895801115075,5.442894958565639
3025.8621699028367,2999.9999999999977,-25.862169902839014,0.8620723300946345
11808.151423749534,17499.00000000001,5690.848576250477,32.52099306389207
10997.748744045008,11998.99999999998,1001.2512559549723,8.34445583761125
4108.859435761009,3650.0000000000005,-458.8594357610086,12.571491390712563
23004.673275877703,28659.99999999999,5655.326724122286,19.73247286853555
17341.2624558327,18699.999999999996,1358.7375441672957,7.265976172017625
7438.450449479415,5049.999999999998,-2388.4504494794164,47.29604850454292
11242.064362580975,9000.000000000004,-2242.0643625809716,24.911826250899676
21886.60508149392,22500.00000000003,613.3949185061101,2.7261996378049305
10272.658902531824,6449.999999999995,-3822.658902531829,59.26602949661755
22905.799500361718,37999.999999999985,15094.200499638268,39.72158026220598
6442.296063927795,8500.000000000005,2057.70393607221,24.208281600849517
24312.560387299272,8399.999999999987,-15912.560387299285,189.43524270594418
27826.991677725488,22899.999999999996,-4926.991677725491,21.515247500984678
6363.396690139611,5699.999999999998,-663.3966901396125,11.638538423501977
14127.60413861156,10000.00000000001,-4127.60413861155,41.276041386115466
11110.789167265226,12299.999999999989,1189.2108327347632,9.668380753941173
2075.2917011768873,2499.9999999999995,424.7082988231123,16.988331952924494
12430.122384215707,13200.000000000002,769.8776157842949,5.832406180184051
11307.073639745962,7170.000000000006,-4137.073639745956,57.69977182351398
36025.38756337744,28500.00000000007,-7525.387563377368,26.404868643429296
14795.548717385362,15799.999999999995,1004.4512826146329,6.357286598826793
4012.4140167674595,4850.000000000002,837.5859832325423,17.269814087268905
26863.644117585416,17100.000000000015,-9763.644117585402,57.09733402096722
9977.752279560655,4699.999999999997,-5277.752279560657,112.29260169278001
27594.965506789657,37199.999999999905,9605.034493210249,25.81998519680181
15047.095977824702,26000.00000000003,10952.904022175328,42.126553931443524
4598.314430415546,1699.9999999999993,-2898.3144304155467,170.48908414209106
9040.52612139135,7300.000000000002,-1740.526121391349,23.842823580703406
6785.762548414157,4350.000000000002,-2435.7625484141554,55.99454134285412
35045.74403380888,52500.000000000015,17454.255966191136,33.24620184036406
6818.517253043413,9000.000000000004,2181.4827469565907,24.238697188406555
5715.694295913849,5949.999999999998,234.3057040861495,3.9379109930445306
8598.823103035986,6399.9999999999945,-2198.823103035991,34.35661098493739
43251.05983980941,51899.99999999996,8648.940160190556,16.66462458610898
19026.29266906183,10492.999999999993,-8533.292669061837,81.32366977091245
51520.00599115461,56499.99999999999,4979.99400884538,8.814148688221914
14525.251949864216,16899.999999999993,2374.748050135777,14.051763610270877
4826.379378374931,4400.000000000004,-426.379378374927,9.690440417611969
6910.883629174132,2350.0000000000005,-4560.883629174132,194.08015443294173
9117.550429739367,8800.000000000024,-317.5504297393436,3.6085276106743494
18313.83189382978,20999.999999999985,2686.168106170204,12.791276696048598
12695.288139777213,7199.999999999996,-5495.288139777216,76.32344638579471
7187.359261400566,4200.0,-2987.3592614005656,71.12760146191823
3628.5883110237596,2599.9999999999977,-1028.588311023762,39.56108888552934
7232.90825747129,6499.999999999995,-732.9082574712947,11.275511653404543
11472.724613234452,9000.000000000004,-2472.724613234448,27.474717924827193
35623.85804322014,33699.99999999995,-1923.8580432201925,5.708777576321054
19628.125990128774,18200.000000000036,-1428.1259901287376,7.846846099608433
7911.313228055981,9499.999999999995,1588.6867719440133,16.723018652042253
10607.357665110358,10499.999999999993,-107.3576651103649,1.0224539534320474
22300.014107609702,27299.99999999999,4999.985892390287,18.314966638792267
14853.31163071843,12700.000000000027,-2153.3116307184027,16.955209690696048
10365.37597395709,4150.000000000003,-6215.375973957088,149.768095758002
6425.069270923281,9650.000000000004,3224.930729076723,33.41897128576913
29313.036033922497,53999.00000000003,24685.963966077532,45.71559467041523
7983.695368646443,7776.999999999997,-206.6953686464458,2.6577776603631973
6219.765050202179,5650.000000000004,-569.7650502021752,10.084337171719907
8448.189943536197,7750.000000000004,-698.1899435361938,9.008902497241206
27209.80216276883,20500.000000000015,-6709.802162768814,32.73074225740882
16653.136006356,17900.00000000004,1246.8639936440413,6.965720634882897
10174.761629088052,14000.0,3825.2383709119476,27.323131220799624
11502.917448284703,6399.9999999999945,-5102.917448284708,79.73308512944864
16792.513543341585,33500.00000000001,16707.486456658422,49.873093900472895
7640.687236619562,10499.999999999993,2859.3127633804306,27.23155012743269
59608.95814924251,69999.99999999994,10391.041850757429,14.844345501082055
39291.20830717995,47999.99999999998,8708.791692820028,18.1433160267084
10682.490919122027,11899.999999999998,1217.5090808779714,10.231168746873712
18882.151550341765,14990.000000000004,-3892.1515503417613,25.964986993607475
27860.34683448934,39000.00000000002,11139.653165510681,28.563213244899167
14405.842476251502,12500.0,-1905.8424762515024,15.24673981001202
11945.861263661933,19999.99999999998,8054.138736338049,40.27069368169028
9126.295043492652,10400.000000000002,1273.7049565073503,12.247163043339905
5256.69400162501,4200.0,-1056.69400162501,25.159380991071668
6995.861573582435,4699.999999999997,-2295.861573582438,48.84811858686041
22019.11585471344,24998.999999999993,2979.8841452865527,11.92001338168148
10061.31839549718,15200.000000000007,5138.681604502828,33.80711581909754
3740.5183652882783,3200.0000000000027,-540.5183652882756,16.8911989152586
11358.681441732404,13998.999999999973,2640.3185582675687,18.860765470873446
63237.161385505926,86998.99999999997,23761.838614494045,27.312772117488766
10655.594645119467,9499.999999999995,-1155.5946451194723,12.164154159152346
32584.44108360849,27399.999999999945,-5184.441083608544,18.921317823388886
26046.428075100346,21899.999999999993,-4146.428075100353,18.933461530138608
30488.363187626266,81500.00000000019,51011.63681237392,62.59096541395559
8454.94072161366,9600.000000000004,1145.059278386343,11.927700816524403
7964.680592299519,7989.999999999994,25.319407700474585,0.3168887071398574
26328.58662891368,20299.999999999985,-6028.586628913694,29.697471078392603
10060.917221129492,14899.999999999995,4839.082778870503,32.47706563000339
25531.289058657803,21699.999999999993,-3831.2890586578105,17.65570994773185
9836.40275580905,11498.999999999982,1662.5972441909325,14.458624612496173
13608.977576218844,16299.999999999964,2691.02242378112,16.50934002319709
2569.716915570892,2499.9999999999995,-69.71691557089252,2.7886766228357014
19353.993288689737,18699.999999999996,-653.9932886897404,3.4972903138488802
20046.923727149642,33500.00000000001,13453.076272850365,40.158436635374215
13984.48869027001,16499.999999999985,2515.5113097299763,15.245523089272597
12383.212429817308,15799.999999999995,3416.787570182687,21.62523778596638
3778.1059372508844,2899.9999999999977,-878.1059372508867,30.279515077616804
3746.89244784966,1500.0,-2246.89244784966,149.792829856644
7937.520983052809,9000.000000000004,1062.4790169471944,11.805322410524377
4926.412377380364,6999.999999999999,2073.587622619635,29.622680323137647
